study_hours,attendance,previous_grades,sleep_hours,extracurricular_activities,parental_education,internet_access,family_support,performance
14.4,59.3,55.7,8.0,No,Bachelor,Yes,Yes,Low
33.4,77.1,54.8,8.8,No,Bachelor,Yes,Yes,High
26.2,93.6,94.4,5.5,No,Master,No,No,High
21.8,86.6,55.0,7.7,Yes,High School,Yes,No,High
7.1,90.3,56.3,7.4,Yes,Master,Yes,Yes,Low
7.1,82.9,85.6,9.0,Yes,High School,No,Yes,High
3.9,84.6,67.0,9.4,Yes,Master,Yes,Yes,Low
30.6,92.5,86.6,4.1,Yes,Master,Yes,Yes,High
21.8,62.5,43.9,8.0,No,High School,Yes,Yes,Low
25.4,74.5,69.3,4.3,Yes,Bachelor,Yes,Yes,High
2.7,61.1,42.0,7.3,Yes,High School,No,Yes,Low
34.0,99.4,43.8,5.7,Yes,Bachelor,No,No,High
29.5,97.2,94.4,5.8,No,Bachelor,No,Yes,High
9.0,52.0,48.4,6.1,Yes,Bachelor,Yes,Yes,Low
8.0,85.3,71.9,7.7,No,High School,Yes,Yes,High
8.1,96.3,64.7,6.0,Yes,High School,Yes,No,Low
12.0,59.0,60.8,8.4,No,High School,Yes,Yes,Low
19.3,78.4,94.0,6.4,No,High School,Yes,Yes,High
16.3,95.8,41.3,4.4,Yes,Bachelor,Yes,Yes,High
11.6,51.7,79.8,8.7,Yes,Master,Yes,No,Low
22.2,84.9,97.8,5.7,Yes,Bachelor,Yes,Yes,High
6.6,64.9,73.6,6.6,Yes,Bachelor,No,No,Low
11.6,96.2,96.2,8.1,No,Doctorate,No,No,High
14.1,98.6,43.1,6.0,No,Bachelor,Yes,No,Low
17.1,97.2,65.1,4.3,No,Doctorate,Yes,Yes,High
27.9,73.7,55.6,6.2,No,Bachelor,Yes,,High
8.6,93.1,83.8,9.7,Yes,High School,No,Yes,High
19.0,92.2,98.9,7.9,Yes,High School,Yes,No,High
21.5,66.0,55.4,8.0,No,Bachelor,Yes,Yes,High
3.5,91.4,79.3,7.8,Yes,High School,Yes,Yes,Low
22.0,51.9,51.9,5.2,No,High School,Yes,Yes,Low
7.6,79.8,73.9,6.5,Yes,,Yes,Yes,Low
4.1,61.5,67.8,8.5,Yes,Bachelor,Yes,Yes,Low
33.3,,98.3,4.6,No,Bachelor,Yes,Yes,High
33.9,53.8,76.5,5.7,Yes,High School,Yes,Yes,High
28.7,84.8,61.0,5.7,No,Bachelor,Yes,No,High
12.1,67.0,46.8,6.6,No,Bachelor,Yes,Yes,Low
5.2,86.2,49.1,9.9,No,Doctorate,No,,Low
24.6,53.3,53.5,4.4,No,Bachelor,Yes,Yes,Low
16.5,65.8,55.1,7.1,No,Master,No,Yes,Low
6.0,77.0,91.0,5.1,No,Master,Yes,No,Low
18.3,89.5,73.7,9.8,Yes,Bachelor,Yes,Yes,High
3.1,65.9,71.4,4.7,No,High School,Yes,Yes,Low
32.0,81.3,46.9,6.4,No,Bachelor,Yes,Yes,High
10.5,94.3,91.6,8.4,Yes,Bachelor,Yes,No,High
23.9,80.8,83.4,8.2,Yes,Bachelor,Yes,Yes,High
12.3,61.6,44.1,6.5,Yes,Bachelor,Yes,No,Low
19.2,51.2,82.5,6.1,No,Bachelor,Yes,Yes,Low
20.0,93.5,72.6,6.4,No,High School,No,Yes,High
8.1,51.1,44.9,5.6,Yes,Bachelor,No,Yes,Low
34.0,93.7,67.5,5.2,No,High School,Yes,No,High
27.6,76.4,69.1,6.9,No,Master,No,Yes,High
33.0,97.0,49.9,5.6,No,High School,Yes,No,Low
31.5,89.9,96.7,5.7,No,High School,Yes,Yes,High
21.7,99.9,91.0,7.9,No,Bachelor,No,Yes,High
32.4,67.5,80.1,9.8,Yes,Bachelor,Yes,Yes,High
4.9,88.4,67.7,7.6,No,Bachelor,Yes,No,Low
8.5,70.1,64.7,4.5,Yes,High School,Yes,Yes,Low
3.5,74.0,79.1,4.5,No,Bachelor,No,No,Low
12.7,81.4,72.7,9.7,No,High School,No,No,Low
14.8,93.7,43.7,5.8,Yes,,Yes,No,Low
11.0,99.2,70.8,4.6,Yes,Master,Yes,Yes,High
29.3,88.4,88.4,7.6,No,Bachelor,Yes,Yes,High
13.8,70.9,67.6,7.7,Yes,High School,Yes,No,High
11.3,71.1,43.1,7.9,No,Bachelor,Yes,Yes,Low
19.9,86.9,87.2,5.6,Yes,High School,Yes,Yes,High
6.7,61.9,52.1,4.1,Yes,Bachelor,Yes,Yes,Low
28.5,55.5,55.5,9.8,No,High School,Yes,Yes,Low
4.5,67.7,49.9,5.5,No,Master,Yes,Yes,Low
34.6,64.4,59.8,8.1,No,High School,Yes,Yes,High
27.5,64.8,85.4,8.2,Yes,Bachelor,No,Yes,High
8.6,61.7,71.2,7.7,No,Bachelor,Yes,Yes,Low
2.2,52.1,52.3,5.9,No,Bachelor,Yes,Yes,Low
28.9,50.9,92.7,5.6,No,High School,Yes,Yes,High
25.3,99.4,92.8,7.6,No,Doctorate,Yes,Yes,High
26.1,71.4,92.2,9.2,No,Bachelor,Yes,Yes,High
27.5,69.2,54.3,9.7,Yes,Bachelor,Yes,Yes,High
4.4,84.0,67.1,4.6,Yes,High School,Yes,Yes,Low
13.8,60.9,99.1,4.9,No,Bachelor,Yes,Yes,High
5.8,97.5,86.3,9.7,Yes,Bachelor,Yes,No,High
30.5,89.3,41.6,8.4,No,High School,Yes,Yes,Low
22.6,54.5,43.9,9.3,Yes,High School,No,No,Low
12.9,70.9,67.8,5.2,No,Master,Yes,Yes,Low
4.1,94.0,94.6,7.5,No,High School,Yes,Yes,High
12.3,97.2,72.3,8.2,Yes,High School,Yes,Yes,High
12.7,73.4,69.9,8.1,Yes,Bachelor,Yes,Yes,Low
26.1,80.7,46.3,6.4,Yes,Master,Yes,Yes,High
23.0,58.4,79.4,4.1,No,High School,Yes,Yes,High
31.3,99.6,89.3,7.5,No,Bachelor,Yes,Yes,High
17.6,61.6,62.8,5.5,Yes,High School,Yes,Yes,Low
5.9,97.1,86.5,6.7,No,High School,Yes,Yes,Low
25.5,82.5,97.9,9.7,Yes,High School,Yes,No,High
27.1,80.4,52.2,6.4,No,Master,Yes,Yes,Low
20.5,75.6,71.4,9.0,No,High School,Yes,,High
27.4,61.5,57.2,5.1,Yes,High School,Yes,Yes,Low
18.3,58.8,87.6,8.0,No,Bachelor,Yes,Yes,Low
19.3,61.0,74.7,9.9,Yes,Master,Yes,No,High
16.1,59.3,78.1,4.6,Yes,High School,No,Yes,Low
2.8,89.0,87.9,4.0,Yes,Bachelor,Yes,Yes,High
5.6,67.5,63.8,6.6,Yes,High School,No,No,Low
3.0,52.9,94.9,4.6,No,Bachelor,Yes,Yes,Low
23.0,98.5,72.0,8.5,Yes,Bachelor,Yes,Yes,High
12.4,94.2,49.5,9.5,No,Bachelor,Yes,No,Low
18.8,96.4,81.8,6.6,Yes,High School,No,Yes,High
31.9,99.7,87.6,5.6,Yes,High School,Yes,Yes,High
10.2,58.7,59.0,6.6,No,High School,Yes,Yes,Low
15.5,,91.4,8.3,No,Bachelor,Yes,Yes,High
26.9,87.9,94.4,4.1,Yes,High School,Yes,Yes,High
9.6,84.8,56.6,7.5,No,Master,Yes,No,Low
4.5,57.7,99.0,7.7,No,Doctorate,No,Yes,Low
11.6,90.8,48.4,7.8,No,Doctorate,No,No,Low
7.3,61.2,52.1,5.5,No,Master,Yes,No,Low
32.7,61.2,51.1,8.3,Yes,Bachelor,No,Yes,High
28.7,76.8,93.6,4.5,Yes,Bachelor,Yes,Yes,High
22.9,79.6,79.3,5.2,No,High School,Yes,Yes,High
30.8,79.0,49.1,9.3,Yes,Bachelor,Yes,No,High
28.5,54.6,66.4,8.4,No,Bachelor,Yes,No,Low
8.2,93.9,76.9,4.1,Yes,Bachelor,No,Yes,High
31.5,63.3,45.0,5.5,Yes,Master,Yes,Yes,Low
19.8,56.5,92.9,5.3,No,High School,Yes,Yes,Low
28.6,94.4,88.2,5.6,Yes,High School,Yes,No,High
31.6,97.8,70.3,5.5,No,Master,Yes,Yes,High
,93.1,98.0,4.4,No,High School,Yes,Yes,High
5.6,90.5,65.1,6.8,No,Bachelor,No,No,Low
9.5,82.8,99.0,8.4,No,Master,No,Yes,High
16.1,77.5,80.1,7.6,No,Bachelor,Yes,Yes,High
29.0,54.3,78.1,8.0,No,Bachelor,Yes,Yes,High
30.4,70.4,50.0,4.5,No,High School,Yes,Yes,Low
2.2,68.6,92.9,9.7,Yes,High School,Yes,Yes,Low
18.9,63.0,65.6,9.0,Yes,Master,Yes,No,Low
15.8,86.2,49.7,8.8,Yes,Bachelor,Yes,Yes,Low
9.3,74.8,40.8,8.9,Yes,Bachelor,Yes,Yes,Low
6.0,54.1,73.6,9.6,No,High School,Yes,,Low
13.1,61.0,71.6,7.3,No,High School,Yes,Yes,Low
33.1,84.2,83.2,5.2,No,Doctorate,Yes,Yes,High
12.7,53.8,93.4,7.7,Yes,Bachelor,Yes,No,Low
19.1,92.6,44.8,8.5,No,Bachelor,Yes,No,Low
,74.8,83.9,8.4,Yes,High School,No,Yes,High
,74.0,51.2,7.1,No,Bachelor,Yes,Yes,Low
34.1,79.6,91.5,4.4,No,Doctorate,No,Yes,High
33.8,91.2,89.1,6.2,Yes,Bachelor,Yes,No,High
10.3,67.4,72.4,9.5,Yes,High School,Yes,Yes,High
18.4,83.9,82.6,7.5,Yes,Bachelor,Yes,No,High
11.9,78.3,58.9,7.2,No,Master,No,Yes,Low
11.4,63.4,68.3,5.6,No,Bachelor,Yes,No,Low
3.2,93.9,89.3,6.2,No,Master,Yes,No,High
22.1,89.9,67.6,9.4,Yes,Bachelor,Yes,No,Low
18.6,82.9,61.5,8.0,Yes,Master,Yes,Yes,High
3.7,92.5,69.7,8.7,No,Bachelor,Yes,Yes,Low
11.2,93.4,89.7,6.7,No,High School,No,Yes,High
32.0,85.4,60.1,7.8,Yes,High School,Yes,No,High
9.9,91.9,50.4,5.5,Yes,High School,Yes,Yes,Low
6.8,84.9,82.7,8.2,No,Master,Yes,No,Low
18.2,84.0,89.6,6.6,Yes,Master,Yes,No,High
34.5,80.9,46.0,6.7,Yes,Bachelor,Yes,Yes,High
10.0,87.6,54.4,7.9,Yes,High School,Yes,No,Low
24.2,57.9,48.5,9.6,No,High School,Yes,Yes,Low
27.1,94.0,60.9,4.4,No,Master,Yes,Yes,High
9.8,93.6,67.0,8.9,No,Bachelor,Yes,Yes,Low
26.0,51.5,84.9,5.8,No,High School,No,Yes,Low
14.1,91.3,79.1,6.7,No,Bachelor,Yes,No,High
22.9,56.4,77.3,4.1,Yes,High School,Yes,Yes,High
22.9,66.8,61.1,5.8,No,High School,Yes,Yes,Low
19.7,87.2,90.5,7.0,Yes,Bachelor,Yes,Yes,High
5.0,58.0,68.3,4.3,No,High School,Yes,No,Low
29.6,90.9,98.7,6.9,Yes,Doctorate,Yes,Yes,High
12.6,91.6,78.0,9.6,Yes,High School,Yes,No,High
8.2,75.4,47.6,4.6,Yes,High School,No,Yes,Low
3.3,50.3,80.6,8.6,Yes,High School,Yes,Yes,Low
21.5,64.4,59.5,6.5,Yes,Master,Yes,Yes,Low
24.4,80.8,81.2,7.9,Yes,Bachelor,Yes,,High
2.5,99.1,44.2,5.6,No,Bachelor,Yes,No,Low
18.9,81.6,50.5,5.0,Yes,High School,Yes,Yes,Low
9.5,63.0,91.3,5.0,No,High School,No,No,Low
23.3,81.7,53.6,4.4,No,Bachelor,Yes,Yes,High
7.8,77.0,90.2,5.1,No,Master,Yes,Yes,Low
24.8,89.0,56.8,8.0,No,Master,Yes,No,High
14.8,55.3,78.6,9.3,No,High School,Yes,No,Low
32.9,88.1,81.6,8.9,Yes,Bachelor,Yes,Yes,High
6.5,77.1,70.8,8.1,Yes,Master,Yes,Yes,Low
,98.1,58.3,4.7,Yes,Bachelor,Yes,Yes,Low
5.7,67.1,52.8,5.7,No,Master,Yes,Yes,Low
32.5,81.6,42.0,5.9,No,High School,Yes,No,Low
31.0,96.6,58.2,5.5,Yes,Doctorate,No,No,High
10.5,55.1,79.2,7.1,Yes,Master,Yes,Yes,Low
23.8,96.9,96.3,7.2,No,Doctorate,No,No,High
29.0,84.4,92.3,6.1,Yes,Bachelor,Yes,Yes,High
20.3,53.4,86.0,6.1,No,,Yes,Yes,High
19.5,65.0,87.3,9.0,No,Doctorate,Yes,Yes,High
10.0,85.4,79.9,8.7,No,High School,Yes,Yes,Low
5.1,53.4,55.6,5.8,No,High School,Yes,,Low
31.6,79.1,94.4,9.5,No,Bachelor,Yes,Yes,High
31.7,67.3,80.2,9.7,No,Master,Yes,Yes,High
22.9,81.0,73.6,6.0,No,Master,No,Yes,High
13.2,52.3,46.7,6.1,No,,Yes,No,Low
13.5,93.6,66.8,7.0,Yes,Master,Yes,Yes,High
26.0,98.7,67.6,9.6,Yes,Bachelor,Yes,Yes,High
31.6,98.4,91.9,9.3,Yes,High School,No,No,High
31.3,87.5,72.8,4.6,Yes,Bachelor,Yes,No,High
27.7,56.5,62.8,6.4,No,High School,Yes,No,Low
23.2,87.9,98.6,7.3,No,High School,Yes,Yes,High
4.8,51.2,46.6,7.0,Yes,Doctorate,Yes,Yes,Low
7.3,51.1,65.4,5.2,Yes,Bachelor,No,Yes,Low
,66.2,42.5,9.2,No,Bachelor,Yes,Yes,Low
22.0,74.4,84.4,8.1,Yes,Doctorate,Yes,No,High
2.3,88.5,95.1,9.0,No,Bachelor,No,Yes,High
5.3,84.2,56.8,9.2,No,Master,Yes,Yes,Low
23.9,72.3,91.5,8.5,No,Bachelor,Yes,Yes,High
2.2,63.7,57.5,6.6,Yes,Master,Yes,Yes,Low
7.3,99.9,94.6,7.7,Yes,High School,Yes,No,High
20.1,71.3,85.2,5.0,Yes,Doctorate,Yes,Yes,High
24.8,72.6,88.3,8.0,No,High School,Yes,Yes,High
23.5,58.2,41.1,5.1,No,High School,Yes,Yes,Low
9.4,89.7,97.8,8.2,Yes,Master,Yes,Yes,High
25.5,84.7,83.6,5.4,No,Bachelor,Yes,Yes,High
9.8,61.0,58.3,4.7,No,Bachelor,No,Yes,Low
12.7,54.1,89.8,5.0,Yes,Bachelor,Yes,Yes,Low
26.6,84.0,56.9,4.0,No,Bachelor,Yes,No,High
23.4,82.7,92.4,8.3,No,High School,Yes,No,High
30.0,63.7,46.8,8.4,Yes,High School,Yes,No,Low
23.7,97.5,82.2,7.1,Yes,High School,Yes,No,High
20.8,57.6,72.4,5.0,No,Bachelor,Yes,Yes,Low
5.1,71.6,45.8,4.5,No,High School,Yes,Yes,Low
14.1,97.2,54.5,4.1,No,Bachelor,Yes,Yes,Low
10.8,71.0,40.7,5.0,No,Bachelor,Yes,No,Low
10.1,81.9,68.1,9.3,No,High School,Yes,No,Low
34.1,69.9,58.1,5.4,Yes,Bachelor,Yes,No,High
15.0,63.7,75.9,6.1,No,Master,No,Yes,Low
,,57.8,4.6,No,High School,Yes,No,High
22.8,70.5,58.0,5.3,Yes,Bachelor,Yes,Yes,High
28.2,94.7,84.6,7.1,No,Bachelor,Yes,Yes,High
18.6,61.5,42.9,7.6,No,Bachelor,No,Yes,Low
21.0,60.7,94.2,5.5,Yes,Bachelor,Yes,Yes,High
18.3,,91.1,4.3,No,Bachelor,Yes,Yes,High
8.4,82.6,80.1,6.3,Yes,Bachelor,Yes,Yes,Low
25.8,68.4,75.6,5.4,Yes,High School,No,Yes,High
11.3,93.2,93.5,5.3,Yes,Bachelor,Yes,Yes,High
2.8,73.7,51.1,9.8,No,Bachelor,Yes,No,Low
23.3,98.4,44.7,7.7,No,High School,No,Yes,Low
7.8,59.3,54.4,7.3,Yes,Bachelor,No,Yes,Low
33.0,93.4,87.7,6.5,No,Doctorate,No,No,High
33.5,88.8,42.1,6.6,Yes,Bachelor,Yes,No,High
32.2,88.5,75.0,7.2,No,Bachelor,Yes,Yes,High
14.2,92.2,99.7,8.2,No,,Yes,Yes,High
2.5,88.1,91.3,8.2,Yes,Bachelor,Yes,Yes,Low
32.6,81.3,71.3,5.0,No,Bachelor,Yes,Yes,High
16.1,56.6,43.8,7.0,Yes,Master,Yes,Yes,Low
33.9,51.6,89.9,6.5,Yes,Master,Yes,No,High
33.8,96.0,75.9,9.2,No,Bachelor,Yes,Yes,High
30.1,80.8,46.9,7.8,No,Bachelor,Yes,No,High
11.7,89.8,45.6,7.2,Yes,Bachelor,Yes,No,Low
14.7,74.1,94.6,4.7,Yes,Doctorate,Yes,No,High
30.1,55.9,80.2,7.6,Yes,Bachelor,Yes,Yes,High
12.5,56.3,89.8,4.7,No,High School,Yes,No,Low
7.6,84.3,92.7,6.0,Yes,Master,Yes,Yes,High
20.4,71.5,74.3,4.9,No,Bachelor,Yes,Yes,High
32.9,60.0,71.0,8.2,No,High School,Yes,Yes,High
25.0,74.6,65.8,5.2,No,Bachelor,Yes,Yes,High
20.8,53.2,59.0,6.4,Yes,Bachelor,No,No,Low
5.2,79.1,66.1,9.4,Yes,Master,Yes,Yes,High
22.3,63.4,86.4,5.2,Yes,High School,Yes,Yes,High
34.7,89.9,76.1,7.0,No,Master,No,Yes,High
6.6,65.5,93.6,6.5,Yes,Bachelor,Yes,Yes,High
19.1,72.8,66.6,4.1,Yes,High School,No,,Low
31.0,50.6,76.4,8.8,No,Doctorate,No,No,High
26.4,53.6,77.9,4.4,Yes,Bachelor,Yes,Yes,High
25.0,69.6,75.5,6.8,No,,No,Yes,High
25.2,74.0,82.2,7.4,Yes,Bachelor,Yes,Yes,High
13.9,80.0,54.2,7.8,No,,Yes,Yes,Low
11.7,64.6,70.7,8.1,No,,Yes,Yes,Low
28.7,84.7,46.3,5.5,No,High School,Yes,Yes,High
28.7,93.0,63.1,4.1,No,High School,No,No,Low
30.6,89.0,69.3,8.3,Yes,High School,Yes,Yes,High
32.1,52.0,79.1,7.2,No,Master,Yes,Yes,High
18.9,74.0,97.0,9.0,No,Bachelor,Yes,Yes,High
18.6,55.2,76.0,8.9,No,High School,Yes,No,Low
28.3,62.1,84.6,9.1,Yes,High School,Yes,Yes,High
23.4,99.3,70.4,6.9,Yes,High School,Yes,Yes,High
25.2,57.1,78.0,6.0,Yes,Doctorate,No,No,High
28.3,74.9,44.3,8.7,Yes,High School,Yes,Yes,Low
31.4,80.9,55.3,6.7,Yes,Doctorate,No,Yes,High
13.2,85.1,61.7,5.1,No,Bachelor,Yes,Yes,Low
14.4,78.0,68.3,9.1,Yes,High School,Yes,Yes,High
5.1,50.5,42.7,9.3,Yes,Master,Yes,Yes,Low
21.1,66.3,48.4,6.8,No,Bachelor,Yes,Yes,Low
3.2,75.9,56.6,4.5,No,Bachelor,Yes,Yes,Low
17.4,54.4,98.3,6.3,No,Doctorate,No,Yes,High
19.9,67.5,59.9,8.8,No,High School,Yes,Yes,Low
11.5,51.7,68.9,9.4,Yes,High School,No,No,Low
21.5,53.9,51.8,5.2,No,Bachelor,Yes,No,Low
3.0,69.8,76.6,4.4,No,High School,Yes,No,Low
3.2,56.6,56.8,9.3,Yes,High School,Yes,Yes,Low
29.1,78.4,52.4,6.3,No,High School,No,Yes,Low
13.9,84.5,71.0,7.3,No,High School,Yes,Yes,High
6.2,90.0,40.3,9.8,Yes,Master,No,Yes,Low
19.2,60.0,40.5,4.4,Yes,High School,No,No,Low
27.4,58.4,53.1,7.9,Yes,Bachelor,Yes,Yes,Low
9.1,55.2,42.2,4.4,Yes,Bachelor,Yes,Yes,Low
22.6,81.8,46.5,6.3,Yes,Bachelor,Yes,Yes,Low
4.8,85.3,60.3,8.8,No,High School,Yes,Yes,Low
3.7,51.6,88.2,6.6,Yes,Master,Yes,Yes,Low
19.5,96.8,74.3,10.0,No,High School,Yes,Yes,High
19.8,52.6,70.8,7.4,No,Master,Yes,Yes,Low
23.0,77.1,57.6,5.9,No,Master,Yes,No,Low
26.0,85.5,95.9,5.3,No,Bachelor,Yes,Yes,High
34.2,93.5,63.8,6.1,Yes,Bachelor,Yes,No,High
19.0,85.7,45.2,6.2,No,Bachelor,Yes,No,Low
12.7,90.1,77.0,4.4,No,Bachelor,Yes,Yes,High
28.2,67.0,46.8,6.2,No,Master,Yes,,Low
10.9,90.7,60.7,6.8,No,Master,No,Yes,High
16.5,54.0,70.4,8.3,Yes,High School,Yes,No,Low
4.6,94.7,92.5,7.9,No,Bachelor,Yes,Yes,High
2.8,77.4,69.6,8.3,Yes,Master,Yes,Yes,Low
33.8,90.9,82.1,4.1,No,Doctorate,Yes,Yes,High
29.6,72.6,99.6,5.3,No,Bachelor,Yes,Yes,High
25.0,82.2,47.9,8.0,Yes,Bachelor,No,No,High
15.5,76.3,56.5,6.9,No,High School,Yes,Yes,Low
7.7,86.6,63.7,4.0,Yes,Doctorate,Yes,Yes,Low
7.2,54.1,65.3,8.8,Yes,High School,Yes,Yes,Low
10.3,53.0,64.7,8.6,No,Bachelor,Yes,No,Low
20.1,62.4,94.5,7.3,No,High School,Yes,Yes,High
25.6,58.0,82.8,4.4,No,High School,Yes,Yes,High
23.8,93.6,76.5,8.6,No,Bachelor,Yes,Yes,High
11.2,61.0,58.6,7.5,No,Doctorate,Yes,No,Low
33.5,98.8,89.4,8.7,No,High School,Yes,Yes,High
26.4,66.8,97.3,8.5,No,Bachelor,Yes,Yes,High
20.3,59.1,89.3,8.8,Yes,High School,No,Yes,High
22.2,89.5,40.1,7.1,No,High School,Yes,No,Low
15.8,82.9,78.2,4.8,Yes,Bachelor,Yes,Yes,Low
10.2,74.9,43.1,8.0,No,Bachelor,Yes,Yes,Low
13.7,77.8,55.5,7.7,Yes,High School,Yes,Yes,Low
27.0,86.0,43.6,8.5,Yes,High School,Yes,No,Low
2.5,61.4,76.2,5.0,Yes,High School,Yes,No,Low
5.8,99.8,81.2,5.2,No,High School,Yes,Yes,High
3.5,98.7,46.9,9.3,Yes,Doctorate,Yes,Yes,Low
3.3,82.5,63.0,8.5,Yes,Doctorate,Yes,Yes,Low
30.2,60.0,67.4,9.4,No,High School,Yes,Yes,Low
25.2,84.0,62.1,8.6,No,Bachelor,Yes,Yes,High
17.6,53.6,47.3,7.6,Yes,Master,Yes,Yes,Low
5.2,51.5,65.1,7.9,Yes,High School,Yes,Yes,Low
18.2,62.9,85.1,9.3,Yes,Master,Yes,No,High
17.6,73.1,44.3,7.5,Yes,Doctorate,Yes,Yes,Low
,93.4,44.8,7.8,No,High School,Yes,Yes,Low
16.3,86.4,61.3,4.9,No,High School,No,Yes,High
15.2,87.1,96.5,6.8,No,Doctorate,Yes,Yes,High
22.3,71.3,80.1,8.3,Yes,Bachelor,Yes,Yes,High
23.0,67.3,80.7,5.6,No,High School,Yes,Yes,High
3.5,68.6,61.7,5.2,No,High School,No,Yes,Low
14.4,99.4,75.6,5.9,No,Bachelor,Yes,No,High
22.7,52.0,40.6,5.4,No,Bachelor,Yes,No,Low
18.6,93.4,78.2,5.3,No,Bachelor,Yes,Yes,High
30.3,78.9,94.8,6.5,No,Doctorate,Yes,Yes,High
23.7,71.9,76.8,9.4,Yes,High School,Yes,Yes,High
7.4,86.3,92.4,7.0,No,Bachelor,Yes,Yes,High
4.3,74.3,83.4,5.1,No,Bachelor,No,Yes,Low
23.2,93.7,47.2,4.5,No,Bachelor,No,No,High
2.9,95.0,94.1,8.2,Yes,High School,Yes,No,High
21.3,71.1,44.0,6.3,No,Doctorate,Yes,No,Low
33.0,63.8,72.0,8.9,No,Master,No,Yes,High
21.0,79.6,48.5,8.0,Yes,Bachelor,Yes,No,Low
14.8,95.6,40.7,8.8,Yes,Bachelor,Yes,No,Low
23.2,60.5,65.3,5.6,No,High School,Yes,Yes,Low
17.1,81.1,57.7,8.2,No,Bachelor,Yes,Yes,Low
20.0,81.6,69.2,5.6,No,Bachelor,Yes,No,Low
33.1,86.7,74.6,9.6,Yes,Bachelor,Yes,Yes,High
14.7,56.6,42.6,7.8,No,Doctorate,Yes,Yes,Low
33.7,85.8,47.4,5.9,Yes,Bachelor,Yes,Yes,High
31.9,95.5,73.5,5.6,Yes,Bachelor,Yes,Yes,High
8.5,59.0,60.6,5.1,Yes,Master,Yes,Yes,Low
4.3,61.9,83.8,8.2,Yes,High School,No,No,Low
5.3,98.6,79.1,5.3,Yes,Bachelor,Yes,Yes,High
2.6,59.0,90.7,7.6,Yes,High School,Yes,Yes,Low
5.1,92.7,81.5,5.6,Yes,Bachelor,No,Yes,High
24.5,74.6,65.8,8.0,Yes,Master,No,Yes,High
4.3,62.4,80.4,8.9,No,Bachelor,Yes,Yes,Low
12.5,93.5,56.5,8.7,No,Master,Yes,Yes,Low
29.9,72.3,58.4,8.6,Yes,Bachelor,Yes,Yes,High
2.8,75.7,87.3,5.1,No,High School,No,Yes,Low
28.9,68.0,66.8,4.5,Yes,Master,No,Yes,High
,79.6,87.9,8.2,No,High School,No,Yes,High
5.9,58.2,89.3,6.2,Yes,High School,Yes,Yes,Low
25.0,69.6,91.5,6.6,Yes,Bachelor,Yes,Yes,High
22.8,98.5,95.0,4.2,No,High School,Yes,No,High
31.0,62.9,65.9,5.6,No,High School,Yes,Yes,High
26.3,82.8,59.1,4.2,No,Bachelor,Yes,Yes,High
28.5,66.3,74.9,9.3,No,Bachelor,Yes,Yes,High
11.3,88.7,62.3,5.5,No,Bachelor,Yes,Yes,Low
7.9,56.5,76.1,7.3,Yes,Doctorate,Yes,No,Low
26.8,98.5,82.3,4.2,Yes,Bachelor,Yes,Yes,High
28.6,72.7,81.3,8.0,Yes,Master,Yes,Yes,High
34.7,61.8,62.5,5.9,Yes,High School,Yes,,High
15.6,53.7,50.0,9.4,No,Bachelor,Yes,Yes,Low
14.3,58.5,65.8,9.3,No,Master,Yes,No,Low
27.6,76.0,48.6,6.0,Yes,Bachelor,Yes,Yes,Low
13.2,66.9,93.4,9.4,No,Bachelor,No,Yes,High
32.7,91.4,60.8,10.0,No,Bachelor,Yes,Yes,High
30.3,71.5,49.3,9.0,Yes,High School,Yes,Yes,Low
16.2,62.4,41.5,9.1,Yes,Bachelor,Yes,No,Low
26.8,80.9,78.7,5.5,Yes,Bachelor,Yes,Yes,High
26.9,85.3,78.2,7.5,Yes,,No,Yes,High
5.4,58.4,60.4,4.4,Yes,High School,Yes,Yes,Low
31.8,58.4,44.3,4.6,No,Doctorate,No,Yes,Low
18.7,51.8,64.6,10.0,Yes,Doctorate,Yes,Yes,Low
29.3,86.8,58.7,6.0,Yes,High School,No,Yes,High
12.6,83.2,80.6,8.5,No,High School,Yes,Yes,High
31.6,73.7,76.3,8.8,No,Master,No,Yes,High
14.8,92.2,61.9,9.1,No,Doctorate,Yes,Yes,High
2.4,90.3,53.1,10.0,Yes,Bachelor,Yes,No,Low
31.9,,99.3,5.4,Yes,High School,Yes,Yes,High
5.0,93.4,67.2,4.2,No,Bachelor,No,Yes,Low
12.5,60.3,81.3,6.5,Yes,Bachelor,Yes,Yes,High
33.4,55.6,48.4,4.8,Yes,High School,Yes,Yes,Low
33.4,63.5,69.1,4.1,No,Bachelor,No,Yes,Low
20.9,52.9,41.7,6.2,No,High School,Yes,No,Low
22.9,76.6,70.3,8.7,Yes,High School,Yes,Yes,High
16.8,96.8,97.8,7.4,No,Bachelor,Yes,Yes,High
11.7,,63.1,5.9,Yes,Bachelor,Yes,Yes,Low
12.8,56.1,42.3,7.9,Yes,High School,No,Yes,Low
24.2,72.6,41.9,5.4,Yes,Bachelor,Yes,Yes,Low
26.8,96.7,63.3,4.1,Yes,High School,Yes,No,High
28.1,65.8,49.6,8.6,Yes,High School,No,Yes,Low
28.1,75.4,41.4,7.7,No,High School,Yes,Yes,Low
5.0,52.1,85.4,8.6,No,Doctorate,Yes,Yes,Low
18.3,57.4,67.5,4.2,No,Bachelor,Yes,Yes,Low
3.9,99.3,57.4,9.0,Yes,Bachelor,Yes,Yes,Low
20.1,98.3,94.0,7.7,Yes,Bachelor,Yes,Yes,High
16.6,50.2,47.0,7.4,Yes,Doctorate,No,Yes,Low
31.3,97.6,97.4,7.7,Yes,High School,Yes,Yes,High
13.6,82.0,58.8,9.2,Yes,Bachelor,Yes,Yes,High
5.9,93.4,93.3,7.5,No,Bachelor,Yes,Yes,High
6.7,72.7,76.2,7.5,No,Bachelor,Yes,Yes,Low
27.1,75.8,89.6,9.9,No,High School,No,Yes,High
22.4,74.4,99.0,8.5,No,Bachelor,No,Yes,High
5.3,83.3,57.3,6.7,No,High School,Yes,Yes,Low
4.8,57.0,97.7,8.2,Yes,Bachelor,Yes,Yes,High
25.1,51.5,63.4,6.3,Yes,Bachelor,Yes,No,Low
4.4,65.4,63.1,5.4,Yes,High School,Yes,Yes,Low
29.1,85.2,60.4,7.6,No,Master,Yes,Yes,High
25.3,60.1,72.5,9.6,No,High School,Yes,Yes,Low
4.7,83.7,49.2,9.6,Yes,Master,Yes,Yes,Low
4.8,98.5,73.2,6.1,No,Bachelor,Yes,Yes,Low
34.6,54.7,72.5,7.2,No,High School,Yes,Yes,Low
14.4,83.6,85.7,5.3,Yes,High School,Yes,Yes,High
14.2,72.2,90.0,10.0,Yes,Doctorate,Yes,Yes,High
28.8,93.4,66.4,9.9,Yes,High School,Yes,Yes,High
33.3,58.9,58.1,7.9,No,High School,Yes,No,Low
34.5,84.6,55.6,8.8,Yes,High School,No,Yes,High
26.9,91.9,51.7,8.3,No,Bachelor,Yes,Yes,High
,97.2,43.5,7.6,Yes,Bachelor,Yes,Yes,High
4.8,84.2,60.5,4.3,No,High School,Yes,Yes,Low
27.6,74.9,56.2,6.7,Yes,High School,No,Yes,Low
20.4,80.9,98.0,8.0,No,High School,No,Yes,High
16.0,93.4,73.5,8.1,No,High School,Yes,Yes,Low
31.9,78.5,60.8,6.2,No,Bachelor,Yes,Yes,Low
5.7,51.5,74.8,9.7,No,Bachelor,No,No,Low
18.3,96.5,48.4,5.0,Yes,High School,Yes,No,Low
2.4,84.5,66.6,7.0,No,Bachelor,Yes,Yes,High
17.5,83.8,77.6,8.1,Yes,Bachelor,Yes,Yes,High
3.9,60.8,69.3,8.2,Yes,Doctorate,Yes,Yes,Low
5.9,82.9,64.1,7.9,No,Doctorate,Yes,Yes,Low
5.9,,99.6,5.7,Yes,Master,Yes,Yes,High
23.4,82.6,92.8,4.9,No,High School,Yes,Yes,High
26.6,55.3,77.4,7.8,No,High School,No,No,Low
21.3,82.9,74.2,7.6,Yes,High School,Yes,Yes,High
33.8,100.0,77.2,5.1,No,High School,No,Yes,High
14.4,52.4,52.1,8.2,Yes,Bachelor,Yes,Yes,Low
11.4,98.9,63.7,6.7,Yes,Master,Yes,No,High
30.7,70.3,42.4,8.0,Yes,Master,Yes,Yes,Low
9.4,93.5,68.5,9.0,No,Master,No,Yes,High
33.8,89.1,72.6,5.0,No,Bachelor,Yes,Yes,High
2.4,78.4,53.7,4.1,No,Bachelor,Yes,No,Low
34.0,86.9,97.8,8.7,No,High School,No,Yes,High
3.4,93.9,94.6,7.7,Yes,High School,Yes,No,High
31.4,70.2,83.3,8.2,Yes,Bachelor,No,Yes,High
19.4,66.4,72.0,9.0,No,High School,Yes,Yes,High
34.8,83.4,92.2,8.8,No,Bachelor,No,Yes,High
4.4,90.4,47.8,9.8,Yes,High School,Yes,Yes,Low
20.3,88.1,87.4,7.2,Yes,Bachelor,Yes,Yes,High
34.0,89.9,47.5,6.9,No,Master,Yes,No,High
,71.8,87.7,6.4,No,High School,Yes,Yes,High
22.8,90.9,56.5,4.9,Yes,Master,Yes,Yes,High
25.0,56.0,92.6,7.4,No,High School,Yes,Yes,High
,77.2,96.6,5.7,No,Bachelor,Yes,Yes,High
22.7,50.3,48.9,9.5,No,Bachelor,Yes,Yes,Low
21.3,66.2,67.8,7.5,Yes,Bachelor,Yes,Yes,High
31.7,68.3,98.9,7.6,No,Doctorate,Yes,Yes,High
3.5,69.8,69.0,6.1,Yes,High School,No,Yes,Low
11.3,84.8,91.8,4.3,Yes,Bachelor,Yes,No,High
33.4,69.4,75.3,4.2,No,Bachelor,Yes,,High
31.4,72.4,62.5,6.5,No,Master,Yes,No,High
17.0,61.9,57.1,4.5,Yes,High School,Yes,Yes,Low
22.5,,52.2,7.6,No,Master,Yes,Yes,Low
11.2,61.4,85.7,9.3,No,Bachelor,Yes,Yes,Low
8.2,53.7,63.2,9.3,No,High School,Yes,Yes,Low
17.3,80.2,70.7,8.0,No,Bachelor,No,No,High
13.7,83.4,69.5,5.3,No,High School,Yes,Yes,High
21.3,81.0,74.6,9.2,No,Bachelor,Yes,Yes,High
4.6,73.2,91.9,9.3,Yes,Master,Yes,No,High
34.2,69.0,98.8,5.2,Yes,Bachelor,Yes,Yes,High
34.5,93.2,64.5,8.4,Yes,Bachelor,Yes,Yes,High
25.0,76.0,89.7,5.7,No,Bachelor,Yes,Yes,High
19.7,74.0,85.9,8.8,No,High School,Yes,No,High
12.2,51.3,74.4,10.0,Yes,High School,Yes,Yes,Low
28.9,67.1,97.4,4.2,Yes,Bachelor,Yes,Yes,High
24.6,69.0,52.0,9.4,No,High School,Yes,Yes,Low
7.4,69.9,46.6,7.7,Yes,High School,No,No,Low
32.1,79.0,91.2,9.8,No,Bachelor,Yes,Yes,High
29.1,76.7,66.3,6.8,Yes,High School,No,Yes,Low
33.3,80.4,90.8,9.1,No,High School,No,Yes,High
25.9,88.2,93.6,4.4,No,Bachelor,Yes,No,High
22.2,90.6,43.7,6.0,Yes,High School,Yes,,Low
15.8,85.9,93.0,4.4,No,Master,Yes,No,Low
32.8,97.8,66.9,9.9,Yes,Master,No,,High
30.6,50.9,70.6,8.9,No,Bachelor,Yes,Yes,High
3.5,59.8,77.6,9.1,No,High School,Yes,Yes,Low
2.9,50.4,95.6,9.6,Yes,Master,Yes,No,Low
14.4,82.4,41.1,4.5,No,Master,No,Yes,Low
28.7,,68.6,6.3,No,Master,Yes,Yes,High
34.6,62.2,81.3,4.4,Yes,High School,No,No,High
7.0,96.4,83.4,5.3,Yes,Bachelor,Yes,Yes,High
21.6,53.0,81.6,5.4,No,Master,Yes,Yes,Low
14.6,96.7,48.1,6.8,No,Bachelor,Yes,Yes,Low
34.0,67.6,58.0,5.6,No,Bachelor,Yes,Yes,High
29.8,55.1,61.5,4.6,No,Bachelor,Yes,No,Low
29.7,74.3,88.3,5.0,No,Bachelor,Yes,Yes,High
17.5,62.8,56.7,4.9,Yes,High School,No,Yes,Low
15.7,64.2,52.6,9.8,No,Bachelor,Yes,Yes,Low
11.0,65.4,97.4,8.6,No,High School,No,Yes,Low
3.9,90.2,40.5,9.8,No,Bachelor,Yes,Yes,Low
30.5,,99.9,6.6,Yes,High School,No,Yes,High
28.8,65.6,80.6,5.7,Yes,Bachelor,Yes,Yes,High
35.0,80.5,89.7,8.8,Yes,High School,No,Yes,High
34.9,85.8,57.7,6.0,Yes,Bachelor,No,Yes,High
20.3,63.6,40.9,5.8,Yes,Master,Yes,,Low
,70.7,84.3,5.4,No,High School,Yes,No,High
33.2,56.1,90.0,4.8,No,High School,Yes,No,Low
30.0,59.1,84.4,5.5,Yes,High School,Yes,No,High
10.2,84.1,48.6,6.1,No,Master,No,Yes,Low
16.9,59.1,85.2,8.0,Yes,Bachelor,Yes,Yes,High
6.3,76.3,86.1,4.4,Yes,Bachelor,Yes,Yes,Low
33.5,85.5,79.5,5.3,Yes,High School,Yes,Yes,High
22.0,55.3,86.0,8.9,No,Bachelor,No,Yes,Low
9.5,78.4,90.8,4.9,Yes,Master,No,Yes,High
24.2,62.8,76.8,6.1,Yes,Master,Yes,No,High
22.4,98.1,45.3,9.2,Yes,Bachelor,Yes,Yes,High
13.8,74.2,69.3,4.9,No,High School,Yes,Yes,Low
5.7,90.3,44.7,4.5,Yes,High School,Yes,No,Low
24.2,77.5,64.5,6.9,No,High School,Yes,Yes,Low
19.2,52.2,64.4,5.8,No,High School,Yes,No,Low
27.5,81.7,44.0,7.4,No,High School,Yes,No,Low
19.2,97.6,60.9,8.8,No,High School,Yes,No,High
30.1,80.1,46.7,4.8,Yes,Bachelor,Yes,Yes,Low
20.2,91.0,88.5,7.5,Yes,Doctorate,Yes,Yes,High
20.5,94.2,96.9,7.0,No,Bachelor,Yes,Yes,High
30.9,61.4,44.3,4.9,No,Master,Yes,Yes,Low
15.3,60.6,97.3,7.7,No,Bachelor,Yes,Yes,High
6.4,80.5,71.4,5.6,No,,Yes,Yes,Low
2.9,70.6,58.0,6.9,No,Bachelor,Yes,Yes,Low
26.9,92.0,44.6,4.5,No,High School,Yes,Yes,Low
22.5,95.0,70.0,6.8,No,Bachelor,No,No,High
25.2,67.7,87.7,5.8,No,High School,Yes,No,High
9.0,61.8,82.4,8.9,Yes,Doctorate,Yes,Yes,High
6.5,89.0,43.0,4.3,No,High School,Yes,Yes,Low
2.5,63.7,44.4,6.5,Yes,High School,Yes,No,Low
13.6,91.1,64.2,6.8,Yes,Doctorate,Yes,Yes,High
21.5,71.2,57.7,8.4,No,High School,Yes,No,Low
14.9,83.4,53.9,7.4,Yes,Bachelor,Yes,No,Low
16.4,54.8,56.9,8.0,Yes,Bachelor,Yes,Yes,Low
31.8,81.2,88.2,8.7,Yes,Master,Yes,No,High
13.5,72.6,95.8,9.2,No,Doctorate,Yes,Yes,High
19.0,79.3,64.3,5.9,No,Doctorate,Yes,Yes,Low
27.9,58.4,94.4,7.2,No,High School,Yes,Yes,High
15.1,86.8,59.3,9.0,Yes,Master,Yes,Yes,Low
22.5,93.1,68.6,9.9,No,Bachelor,No,No,High
30.5,60.8,53.6,9.3,No,Bachelor,Yes,Yes,High
33.3,54.8,78.4,6.2,Yes,High School,Yes,Yes,High
6.9,51.2,98.7,5.2,Yes,Bachelor,No,Yes,Low
,82.1,76.2,6.9,Yes,Doctorate,Yes,No,High
18.2,80.4,61.5,8.4,No,Master,Yes,No,Low
10.5,77.3,78.9,7.0,No,Bachelor,Yes,No,Low
17.2,61.6,47.4,6.9,No,High School,No,Yes,Low
34.3,69.5,93.3,9.0,Yes,Bachelor,No,Yes,High
18.3,79.7,70.2,6.2,No,Master,Yes,,High
12.8,74.8,67.0,9.2,No,Bachelor,Yes,Yes,Low
22.9,99.4,75.2,6.4,No,Bachelor,Yes,Yes,High
9.9,56.8,77.5,6.0,No,High School,Yes,Yes,Low
4.5,84.8,44.3,6.7,Yes,Bachelor,Yes,Yes,Low
6.3,70.2,81.0,8.6,Yes,Bachelor,Yes,No,Low
6.2,71.4,54.5,4.8,No,Master,Yes,Yes,Low
7.0,85.9,82.8,5.2,No,Bachelor,Yes,Yes,High
6.6,84.6,89.4,9.7,No,High School,Yes,Yes,Low
23.1,99.6,88.2,5.1,Yes,Bachelor,Yes,No,High
8.0,56.4,73.2,7.4,No,High School,Yes,No,Low
13.4,55.2,71.2,7.5,Yes,Doctorate,No,No,Low
31.6,86.2,48.6,6.9,Yes,Bachelor,Yes,Yes,High
17.6,78.9,86.5,7.9,No,Bachelor,Yes,No,Low
24.0,63.7,56.3,5.4,No,Bachelor,Yes,Yes,Low
7.7,54.0,69.8,7.3,Yes,Bachelor,Yes,Yes,Low
8.3,54.3,57.1,6.2,Yes,Bachelor,No,No,Low
3.3,94.7,48.0,8.0,Yes,Bachelor,Yes,Yes,Low
7.6,59.6,77.8,4.8,Yes,High School,Yes,Yes,Low
11.2,66.2,43.3,7.4,No,High School,Yes,Yes,Low
7.8,61.3,84.9,5.1,No,High School,Yes,Yes,Low
4.9,67.7,59.1,5.7,Yes,Bachelor,No,,Low
6.0,53.5,40.0,5.3,No,High School,Yes,Yes,Low
17.2,76.0,70.7,5.1,No,Bachelor,Yes,Yes,Low
8.8,53.4,42.8,9.0,No,Master,Yes,Yes,Low
,90.0,56.6,5.7,Yes,Master,Yes,Yes,Low
18.6,61.7,82.4,9.6,No,Bachelor,No,Yes,Low
24.8,77.0,43.8,9.8,Yes,Bachelor,Yes,Yes,High
3.3,94.0,90.4,7.4,Yes,High School,No,Yes,High
28.4,82.5,40.2,4.9,Yes,Bachelor,Yes,Yes,High
22.7,76.6,54.8,6.2,No,Master,Yes,No,High
4.7,66.2,84.5,8.8,Yes,High School,Yes,Yes,Low
30.8,66.7,59.0,6.2,Yes,Bachelor,Yes,Yes,Low
32.4,83.5,46.1,4.5,Yes,Master,Yes,Yes,High
4.0,99.7,61.6,7.3,No,Master,Yes,Yes,High
11.1,83.1,56.2,9.1,No,High School,Yes,No,Low
28.6,77.9,90.6,8.8,Yes,Bachelor,Yes,No,High
26.7,86.5,58.8,5.1,No,High School,Yes,Yes,Low
8.1,73.3,87.3,8.0,No,High School,Yes,No,Low
8.9,53.0,93.5,5.3,No,Master,Yes,Yes,Low
14.2,78.1,66.0,5.3,Yes,Master,Yes,Yes,Low
18.0,97.9,94.6,9.2,No,Master,Yes,Yes,High
22.4,58.8,62.6,5.5,No,High School,No,Yes,Low
14.2,84.5,97.8,5.6,No,Master,Yes,,High
17.3,60.0,45.4,4.0,Yes,Bachelor,No,No,Low
26.7,76.8,81.2,9.2,No,High School,Yes,Yes,High
3.2,54.8,69.6,8.8,No,Bachelor,Yes,No,Low
10.3,72.5,63.3,7.8,No,High School,Yes,No,Low
25.5,87.8,78.0,8.5,Yes,Master,Yes,Yes,High
31.5,67.4,82.2,4.9,Yes,Bachelor,Yes,Yes,High
18.9,83.2,40.3,6.7,No,High School,Yes,Yes,Low
19.6,89.8,50.0,6.1,No,High School,Yes,No,Low
5.5,96.4,82.8,4.6,Yes,High School,Yes,Yes,High
16.8,61.7,80.0,6.9,No,High School,Yes,Yes,Low
19.6,70.0,98.0,9.5,Yes,Bachelor,No,Yes,High
10.0,57.6,85.7,4.2,No,Master,Yes,Yes,Low
10.9,99.6,97.0,5.7,No,High School,Yes,Yes,High
14.5,96.4,82.2,5.2,No,High School,Yes,Yes,High
2.7,77.0,57.9,5.4,No,Bachelor,Yes,Yes,Low
12.6,92.1,46.3,9.5,Yes,,Yes,Yes,High
9.0,76.0,86.9,6.8,No,High School,Yes,Yes,Low
12.8,81.2,78.6,6.8,Yes,High School,No,Yes,High
6.0,54.5,42.9,8.6,No,Bachelor,Yes,Yes,Low
31.4,87.8,61.6,4.9,No,High School,Yes,Yes,High
21.6,56.4,97.4,6.9,No,High School,No,Yes,High
24.4,91.3,70.0,6.6,Yes,Bachelor,No,Yes,High
28.0,89.1,66.0,7.6,No,Bachelor,Yes,Yes,High
,85.4,67.5,10.0,Yes,Bachelor,No,Yes,High
4.9,51.8,52.5,8.6,Yes,Bachelor,Yes,Yes,Low
19.7,65.2,62.1,6.4,No,Bachelor,No,,Low
21.4,,62.2,9.0,No,High School,Yes,Yes,Low
26.6,68.0,43.1,5.0,No,Bachelor,Yes,No,Low
16.2,54.4,86.1,4.2,Yes,High School,Yes,No,Low
6.2,96.8,65.0,5.2,Yes,High School,Yes,No,High
11.4,77.7,89.3,6.0,No,Bachelor,Yes,No,High
14.0,65.3,91.0,7.1,No,Master,Yes,Yes,High
23.3,69.8,52.7,7.7,Yes,Doctorate,Yes,Yes,High
20.8,72.4,79.4,9.5,No,Bachelor,Yes,Yes,High
13.8,80.0,68.3,7.1,No,High School,Yes,Yes,Low
34.6,75.8,92.8,7.0,No,High School,Yes,Yes,High
22.0,96.0,52.9,4.3,No,Master,Yes,No,High
9.8,74.8,80.7,4.2,No,Bachelor,Yes,Yes,High
5.4,99.6,76.5,7.3,No,Bachelor,No,Yes,Low
7.0,92.6,57.7,6.6,No,Master,Yes,Yes,Low
10.1,60.4,48.2,9.0,Yes,Bachelor,Yes,Yes,Low
7.3,96.5,79.1,5.0,No,Master,Yes,Yes,High
8.2,55.8,84.3,4.1,No,High School,Yes,,Low
11.4,90.9,58.9,6.7,No,Bachelor,Yes,Yes,Low
7.7,69.0,78.7,5.4,Yes,Master,Yes,No,High
31.6,93.9,63.7,4.3,No,High School,No,Yes,High
4.6,93.4,82.8,8.3,No,Bachelor,Yes,No,High
19.3,90.3,52.0,4.7,Yes,High School,Yes,Yes,Low
15.5,89.5,93.4,7.6,Yes,Doctorate,Yes,Yes,High
,65.2,57.2,5.7,No,High School,No,Yes,High
5.7,54.0,62.1,5.0,Yes,Bachelor,Yes,No,Low
15.1,70.1,43.5,6.3,No,High School,Yes,No,Low
34.0,58.7,46.7,8.8,No,Bachelor,Yes,Yes,Low
30.6,84.7,71.0,6.4,No,High School,Yes,Yes,High
29.0,67.3,56.1,8.5,Yes,High School,Yes,No,Low
10.5,98.8,90.1,4.8,Yes,Bachelor,Yes,Yes,High
7.6,82.0,40.9,8.6,No,Master,No,Yes,Low
24.1,91.1,62.7,5.4,Yes,High School,Yes,Yes,High
,56.6,60.2,8.1,No,,Yes,Yes,Low
20.4,93.1,41.2,7.4,Yes,Master,Yes,No,High
20.9,96.1,47.5,9.6,Yes,Bachelor,Yes,No,High
11.2,74.4,64.8,6.3,Yes,Master,Yes,Yes,Low
27.4,80.3,69.6,4.4,No,High School,Yes,Yes,High
8.2,88.2,64.3,4.1,No,Bachelor,Yes,No,Low
12.7,58.7,71.9,9.0,Yes,High School,Yes,Yes,Low
16.0,75.1,75.7,7.1,Yes,High School,Yes,No,High
18.8,69.9,40.6,8.7,Yes,Bachelor,Yes,Yes,Low
10.0,57.3,67.8,5.4,No,Bachelor,No,Yes,Low
5.8,68.4,97.8,6.1,Yes,Master,Yes,No,High
22.2,53.4,71.1,4.2,No,High School,Yes,Yes,Low
11.5,51.3,80.7,9.8,No,Bachelor,Yes,Yes,Low
21.2,56.8,58.7,8.0,No,Bachelor,Yes,Yes,Low
7.1,98.2,86.4,9.6,Yes,Doctorate,No,Yes,High
17.9,77.5,86.4,5.6,No,High School,Yes,Yes,Low
19.6,98.3,71.3,7.7,Yes,High School,Yes,No,High
3.7,71.6,98.6,8.1,Yes,Bachelor,Yes,No,High
13.1,65.6,47.5,5.9,No,,Yes,Yes,Low
6.4,75.3,41.0,9.1,No,High School,Yes,Yes,Low
4.1,72.0,86.2,9.7,Yes,Master,Yes,Yes,High
34.7,55.3,88.4,9.3,Yes,High School,No,Yes,High
12.6,82.0,47.2,8.4,No,Master,No,Yes,Low
28.7,60.8,55.9,5.7,Yes,High School,Yes,No,High
10.4,81.0,41.1,5.7,No,Bachelor,Yes,Yes,Low
24.5,82.5,57.6,9.8,No,Master,No,No,Low
27.1,57.6,86.4,4.1,Yes,High School,Yes,Yes,High
21.7,53.1,71.1,8.3,No,Doctorate,Yes,Yes,High
17.6,89.0,60.9,8.2,Yes,Bachelor,Yes,Yes,High
15.6,73.0,62.3,7.7,No,Doctorate,No,Yes,Low
13.5,52.9,40.1,9.9,No,Bachelor,No,Yes,Low
32.7,99.7,58.0,5.9,Yes,High School,Yes,No,High
29.4,52.9,78.8,6.0,No,High School,Yes,Yes,High
33.8,84.8,98.5,4.5,No,High School,Yes,No,High
6.1,99.2,90.8,6.7,Yes,High School,Yes,Yes,High
26.1,62.0,41.4,5.6,No,High School,Yes,No,Low
33.0,57.1,93.9,6.1,Yes,High School,Yes,Yes,High
8.0,56.1,87.0,9.0,Yes,Bachelor,Yes,No,Low
4.2,65.2,86.8,9.6,Yes,Master,No,Yes,High
26.5,55.1,67.5,5.1,Yes,High School,Yes,,Low
21.0,84.6,63.9,6.2,Yes,High School,Yes,No,High
29.8,53.1,58.2,9.6,Yes,Bachelor,Yes,Yes,Low
6.6,75.5,43.9,4.4,No,High School,Yes,Yes,Low
28.2,99.8,53.7,4.6,No,High School,Yes,Yes,High
8.7,90.7,54.8,5.0,No,High School,No,No,Low
7.4,80.8,69.0,7.6,Yes,,No,Yes,Low
7.4,65.3,84.8,4.9,Yes,Master,Yes,Yes,High
28.9,81.2,68.4,9.8,Yes,Bachelor,Yes,Yes,High
24.0,76.4,43.5,6.7,No,Bachelor,No,Yes,Low
19.3,71.3,97.5,7.0,No,Bachelor,Yes,No,High
13.8,56.5,96.6,5.5,Yes,Bachelor,Yes,Yes,Low
30.9,94.3,87.1,6.8,Yes,Bachelor,Yes,Yes,High
15.0,72.5,99.5,8.0,No,Bachelor,No,No,Low
28.9,59.7,72.7,8.5,Yes,High School,Yes,,High
16.5,68.4,97.8,8.5,Yes,High School,Yes,Yes,High
14.4,70.7,44.5,7.5,No,Bachelor,No,Yes,Low
17.3,91.4,61.9,9.4,No,Master,Yes,Yes,High
11.9,86.7,53.5,8.9,Yes,Bachelor,Yes,Yes,Low
26.7,88.5,51.7,8.5,Yes,Master,Yes,No,High
18.6,50.6,48.4,4.3,No,,No,Yes,Low
9.7,70.8,77.3,4.0,Yes,High School,Yes,Yes,Low
31.7,74.1,86.9,5.3,Yes,Bachelor,No,Yes,High
14.7,51.0,74.7,8.0,Yes,,Yes,Yes,Low
19.9,63.0,48.8,6.5,Yes,Doctorate,Yes,No,Low
31.9,88.0,88.7,6.4,Yes,Doctorate,No,Yes,High
22.6,56.9,78.2,9.3,No,Bachelor,Yes,Yes,High
5.9,76.8,63.3,9.4,Yes,High School,Yes,Yes,Low
33.0,60.8,80.4,9.5,Yes,Master,Yes,Yes,High
22.7,50.6,55.6,5.9,No,High School,Yes,Yes,Low
13.1,62.1,60.7,8.1,No,Master,Yes,Yes,Low
6.6,98.8,95.0,5.6,No,Master,Yes,Yes,High
28.2,90.1,57.4,5.1,No,Bachelor,Yes,No,High
22.5,98.0,68.2,5.1,Yes,Bachelor,No,Yes,High
,74.4,93.4,6.1,No,Bachelor,Yes,No,High
,55.5,82.5,6.6,No,Bachelor,No,No,High
28.0,77.4,43.7,9.0,No,High School,Yes,Yes,Low
7.0,72.7,48.8,4.7,No,Master,Yes,Yes,Low
12.3,92.2,40.5,8.4,No,Doctorate,Yes,Yes,Low
10.2,54.9,77.9,7.2,No,Doctorate,Yes,Yes,Low
26.6,74.4,66.9,5.7,Yes,High School,Yes,No,Low
3.1,57.5,48.1,7.0,No,Master,Yes,Yes,Low
,66.2,97.5,5.8,No,Bachelor,No,Yes,High
27.2,86.9,71.8,7.6,No,High School,No,Yes,High
30.9,73.8,54.5,6.6,Yes,,Yes,Yes,Low
13.3,68.8,70.0,5.0,No,High School,No,Yes,Low
29.1,69.7,80.8,4.7,Yes,Master,Yes,No,High
5.7,73.0,44.6,7.3,Yes,Bachelor,Yes,Yes,Low
29.9,,56.5,9.4,Yes,Bachelor,No,No,High
,94.6,88.4,6.1,Yes,High School,Yes,Yes,High
15.1,,67.6,8.4,No,Bachelor,Yes,Yes,High
28.3,89.3,72.8,8.0,Yes,High School,Yes,Yes,High
6.9,65.8,66.0,9.6,No,Bachelor,Yes,Yes,Low
9.6,84.4,42.6,8.9,Yes,Bachelor,Yes,Yes,Low
25.8,71.9,49.9,7.4,Yes,High School,Yes,No,Low
25.8,62.7,66.7,7.9,Yes,Master,No,No,High
23.2,92.0,52.6,9.4,Yes,High School,Yes,Yes,High
24.9,51.9,43.0,6.4,Yes,Bachelor,Yes,Yes,Low
19.9,95.1,90.6,6.0,Yes,Bachelor,Yes,Yes,High
10.3,73.1,98.9,4.1,No,Bachelor,Yes,No,Low
13.4,81.9,87.6,9.0,Yes,High School,Yes,Yes,Low
8.0,83.0,91.2,8.8,Yes,High School,Yes,No,High
32.0,94.8,54.5,4.6,Yes,Master,No,Yes,High
21.3,81.8,97.6,7.5,No,High School,No,Yes,High
15.2,80.7,51.8,6.8,No,Master,No,No,Low
17.2,53.3,97.1,4.7,No,Doctorate,No,Yes,High
,75.9,99.7,9.9,Yes,High School,Yes,Yes,High
7.1,57.5,82.7,5.3,Yes,High School,No,Yes,Low
21.3,86.9,98.9,4.4,No,Bachelor,Yes,Yes,High
18.7,75.6,74.2,7.6,Yes,Doctorate,Yes,Yes,High
22.2,84.0,55.6,8.4,Yes,Master,Yes,Yes,Low
2.6,52.1,66.2,4.2,Yes,Bachelor,Yes,No,Low
30.8,54.2,75.6,8.0,Yes,Master,Yes,Yes,High
32.8,85.8,44.4,7.2,Yes,High School,No,No,Low
20.6,53.6,77.3,4.6,No,Doctorate,Yes,Yes,Low
25.0,53.6,98.9,5.0,Yes,Doctorate,Yes,Yes,High
32.4,50.6,51.4,7.4,No,High School,Yes,Yes,Low
25.3,97.8,87.6,5.8,Yes,High School,Yes,Yes,High
7.0,86.9,94.5,9.6,Yes,High School,Yes,Yes,High
21.0,67.7,96.6,8.9,No,High School,Yes,No,High
22.0,64.8,97.6,9.9,Yes,Master,Yes,Yes,High
16.0,67.5,71.3,5.6,No,Bachelor,Yes,Yes,Low
26.3,88.7,98.6,9.8,No,High School,Yes,Yes,High
32.8,83.1,85.4,6.6,Yes,High School,Yes,No,High
32.5,59.3,49.7,6.1,No,Doctorate,Yes,No,Low
16.9,58.7,68.6,4.3,Yes,Bachelor,Yes,Yes,Low
5.7,54.9,83.1,4.3,No,Bachelor,Yes,Yes,Low
34.5,83.0,54.8,8.2,Yes,High School,Yes,Yes,High
29.7,88.2,78.4,6.7,No,Doctorate,Yes,Yes,High
6.1,63.3,80.0,5.4,Yes,Master,Yes,Yes,High
32.4,51.0,49.8,7.7,No,High School,Yes,Yes,Low
30.7,54.1,73.9,5.5,No,High School,Yes,Yes,High
19.1,98.4,86.3,7.5,No,High School,Yes,Yes,High
21.5,64.8,69.9,6.2,No,High School,Yes,Yes,Low
15.2,88.5,40.7,8.9,No,Bachelor,No,No,Low
3.8,81.2,40.5,8.9,No,Master,No,No,Low
13.1,69.1,61.4,6.9,Yes,Bachelor,Yes,Yes,Low
28.5,60.3,95.6,6.1,Yes,Master,Yes,Yes,High
2.2,56.1,53.7,6.2,Yes,Bachelor,Yes,Yes,Low
13.0,80.8,78.1,8.8,Yes,Bachelor,No,Yes,High
15.1,88.7,53.3,6.0,Yes,Bachelor,No,No,Low
19.7,82.2,59.3,5.3,No,High School,Yes,Yes,Low
32.4,76.5,90.9,4.5,Yes,Bachelor,No,No,High
13.4,52.1,83.7,6.8,No,Bachelor,Yes,No,Low
13.4,98.4,45.7,6.9,Yes,,Yes,Yes,High
26.3,89.9,65.7,9.0,Yes,Bachelor,Yes,Yes,High
16.9,64.6,41.8,5.3,No,Bachelor,Yes,Yes,Low
9.4,99.0,68.9,6.3,No,Doctorate,No,Yes,High
16.9,80.1,79.7,8.9,No,Bachelor,Yes,Yes,High
6.6,79.1,47.1,8.9,No,Master,Yes,Yes,Low
7.8,87.4,57.3,6.3,Yes,Bachelor,No,No,Low
18.4,90.6,63.9,6.8,No,Master,No,Yes,Low
15.8,82.8,95.2,5.8,Yes,Bachelor,Yes,Yes,High
32.2,56.4,99.6,9.6,Yes,Master,Yes,Yes,High
14.0,66.9,42.7,4.7,Yes,Bachelor,Yes,Yes,Low
21.2,96.4,85.7,9.6,Yes,Bachelor,Yes,Yes,High
22.9,61.2,62.3,8.1,Yes,Bachelor,No,No,Low
2.4,68.6,63.5,7.2,No,Bachelor,No,Yes,Low
23.9,71.6,85.3,4.2,No,High School,Yes,Yes,Low
7.9,72.0,95.1,6.9,Yes,High School,Yes,Yes,High
33.7,80.6,97.1,6.4,Yes,High School,Yes,Yes,High
6.9,97.2,74.6,5.0,Yes,Master,No,No,High
15.7,62.0,61.4,7.9,Yes,High School,Yes,Yes,Low
4.8,56.1,87.3,9.8,No,High School,Yes,No,Low
34.9,59.9,55.1,7.4,Yes,Bachelor,Yes,Yes,Low
18.6,94.3,73.8,8.3,No,High School,Yes,Yes,High
21.6,82.3,61.5,4.4,Yes,Bachelor,Yes,Yes,High
4.2,64.3,79.4,6.5,No,High School,Yes,Yes,Low
26.7,90.8,54.4,4.7,Yes,Doctorate,No,Yes,High
8.9,93.1,51.5,7.7,No,Master,No,No,Low
31.6,92.3,95.1,9.6,Yes,Master,Yes,Yes,High
8.8,95.9,46.1,8.0,No,Bachelor,Yes,Yes,Low
8.3,62.6,70.4,4.5,Yes,Master,Yes,Yes,Low
3.2,87.8,53.3,6.1,Yes,High School,Yes,Yes,Low
17.6,73.0,42.3,7.3,No,High School,Yes,Yes,Low
20.6,92.1,42.2,6.4,No,High School,No,Yes,Low
4.2,86.4,50.5,9.0,No,Bachelor,Yes,Yes,Low
27.6,88.8,92.0,8.9,No,Bachelor,Yes,Yes,High
17.0,82.8,56.9,7.7,No,Bachelor,No,Yes,Low
19.3,58.9,97.0,6.2,Yes,High School,No,Yes,High
16.5,77.3,74.9,5.5,Yes,Bachelor,Yes,Yes,High
15.2,99.2,66.2,4.6,Yes,Bachelor,Yes,Yes,High
20.5,96.9,74.8,6.1,No,Bachelor,Yes,No,High
7.1,,71.0,6.5,Yes,Bachelor,Yes,Yes,Low
8.0,58.2,85.5,8.1,Yes,High School,Yes,Yes,Low
30.4,56.6,56.9,7.9,No,Master,Yes,Yes,Low
33.2,86.3,61.2,4.4,No,Bachelor,No,Yes,High
14.3,90.9,93.6,6.4,Yes,High School,Yes,No,High
10.9,60.7,96.8,5.1,Yes,High School,Yes,Yes,High
23.3,75.3,93.6,4.9,Yes,Bachelor,Yes,No,High
15.5,92.0,65.2,9.0,Yes,Master,Yes,No,High
2.8,86.6,86.8,4.3,Yes,Bachelor,No,Yes,High
7.2,77.1,68.6,6.5,No,High School,Yes,Yes,Low
25.6,79.5,69.9,5.0,No,Master,Yes,Yes,High
,75.4,52.3,9.3,No,Bachelor,Yes,Yes,Low
2.9,64.9,75.5,7.3,Yes,Bachelor,Yes,Yes,Low
9.3,78.3,51.2,5.4,No,,Yes,Yes,Low
9.6,84.4,59.9,7.0,Yes,High School,Yes,Yes,Low
24.2,93.7,91.3,8.4,No,Bachelor,Yes,Yes,High
2.7,81.8,52.4,9.7,No,Bachelor,Yes,Yes,Low
5.4,88.1,44.3,5.3,Yes,Doctorate,Yes,No,Low
28.4,58.0,44.1,9.3,Yes,Bachelor,No,Yes,Low
7.9,73.1,96.4,9.6,No,Bachelor,No,No,High
23.5,50.5,70.4,9.5,Yes,Bachelor,Yes,Yes,Low
9.9,62.3,64.6,7.8,No,Master,Yes,Yes,Low
5.3,86.3,88.7,7.8,Yes,Master,Yes,Yes,High
10.0,99.6,90.1,6.4,No,Bachelor,Yes,,High
25.8,55.0,59.9,8.5,Yes,Bachelor,Yes,Yes,Low
30.2,70.1,81.6,7.2,Yes,Bachelor,No,Yes,High
29.4,90.0,86.3,8.1,No,Bachelor,No,No,High
15.1,60.2,79.3,6.6,Yes,High School,Yes,Yes,Low
24.0,77.8,49.1,8.4,Yes,,Yes,Yes,High
8.8,86.7,92.6,8.9,Yes,High School,No,No,High
11.7,80.8,72.3,4.9,Yes,Master,No,No,High
31.6,59.4,56.9,9.0,Yes,High School,Yes,Yes,Low
2.4,67.8,65.5,7.2,Yes,Doctorate,Yes,,Low
4.8,89.2,42.3,9.1,No,Bachelor,Yes,No,Low
8.9,77.7,47.7,6.6,Yes,Bachelor,Yes,Yes,Low
2.9,50.3,85.9,6.3,No,Bachelor,Yes,Yes,Low
8.0,88.0,40.0,9.5,Yes,High School,Yes,Yes,Low
21.2,51.8,65.0,5.5,Yes,Bachelor,Yes,No,Low
15.9,87.3,71.4,9.1,No,High School,Yes,Yes,High
31.5,60.1,43.3,6.9,Yes,Bachelor,Yes,No,Low
29.0,97.9,98.4,7.1,No,Bachelor,Yes,Yes,High
13.3,68.4,53.6,5.9,Yes,Master,No,No,Low
10.6,66.3,58.3,7.4,No,High School,No,Yes,Low
14.5,57.4,58.2,6.0,No,High School,Yes,Yes,Low
21.5,65.3,53.8,4.2,No,Bachelor,Yes,No,Low
10.8,93.8,40.1,5.6,No,Master,No,Yes,Low
22.6,99.8,83.8,4.0,No,Bachelor,Yes,Yes,High
15.5,68.4,98.0,9.9,Yes,Bachelor,Yes,Yes,High
20.2,72.4,53.5,9.8,Yes,Bachelor,Yes,Yes,Low
16.4,86.1,79.8,6.4,No,High School,Yes,Yes,High
11.7,94.3,84.5,8.4,Yes,Doctorate,Yes,Yes,High
33.3,79.7,90.9,6.1,Yes,Bachelor,No,Yes,High
27.2,69.6,65.4,8.0,No,High School,Yes,Yes,High
6.6,70.6,58.2,8.8,Yes,Bachelor,Yes,Yes,Low
30.7,84.8,59.5,9.7,No,High School,No,Yes,High
18.1,50.2,82.8,6.4,No,Doctorate,Yes,No,High
31.5,81.0,89.0,8.7,No,High School,Yes,Yes,High
28.4,67.8,50.9,5.6,No,Bachelor,Yes,Yes,Low
16.0,89.7,62.3,9.9,Yes,High School,Yes,No,High
2.7,54.6,94.1,4.2,Yes,Bachelor,Yes,Yes,Low
10.9,79.4,88.4,7.6,No,Master,Yes,No,High
19.9,74.0,99.1,8.0,Yes,Bachelor,Yes,No,High
22.9,82.1,85.3,8.1,No,Bachelor,Yes,No,High
10.5,53.2,63.6,4.7,No,Master,Yes,Yes,Low
6.6,79.0,75.4,9.6,Yes,High School,Yes,No,Low
29.6,78.1,79.7,5.1,Yes,High School,Yes,No,High
34.5,78.0,44.7,7.7,No,High School,Yes,Yes,Low
19.3,80.2,72.7,5.3,Yes,Doctorate,Yes,Yes,High
,83.8,82.6,5.8,No,Bachelor,No,Yes,Low
11.0,90.2,50.0,7.3,Yes,Bachelor,Yes,Yes,Low
2.6,63.5,86.8,6.5,No,Bachelor,Yes,Yes,Low
32.2,91.3,75.0,5.0,No,High School,Yes,Yes,High
5.9,74.9,97.1,5.0,No,High School,Yes,Yes,High
21.0,53.9,42.5,6.5,No,High School,Yes,Yes,Low
11.0,52.9,55.9,8.5,Yes,Bachelor,No,Yes,Low
20.3,66.7,76.1,9.4,Yes,High School,No,Yes,Low
23.5,89.2,57.8,4.5,No,,Yes,No,High
29.4,85.4,82.9,6.4,Yes,Master,Yes,Yes,High
8.8,89.4,85.5,4.6,No,Doctorate,Yes,Yes,High
2.4,75.9,46.2,4.1,No,High School,Yes,Yes,Low
6.5,72.0,70.8,8.0,No,High School,Yes,Yes,Low
31.7,57.4,70.5,7.6,No,High School,Yes,,Low
30.8,66.4,62.2,5.0,No,Bachelor,No,No,Low
21.7,71.7,96.0,5.4,No,Master,Yes,Yes,High
21.8,54.4,89.7,4.1,Yes,High School,Yes,No,High
23.9,61.0,81.8,9.0,Yes,High School,Yes,Yes,High
7.8,79.9,82.9,9.8,Yes,Master,Yes,Yes,High
32.2,86.8,67.7,4.8,No,Bachelor,Yes,Yes,High
15.8,99.9,95.3,5.4,No,High School,No,No,High
14.6,96.7,81.7,9.2,No,Bachelor,Yes,Yes,High
19.1,82.1,83.7,9.6,Yes,High School,Yes,Yes,High
3.5,71.1,91.7,6.5,No,Bachelor,Yes,No,High
7.5,81.8,56.4,4.3,Yes,Master,Yes,Yes,High
26.4,89.3,88.4,4.2,No,Master,No,Yes,High
4.7,55.9,51.7,7.4,No,Bachelor,Yes,No,Low
21.9,70.5,60.7,6.4,Yes,Doctorate,Yes,Yes,High
10.1,92.0,60.1,4.2,Yes,Bachelor,No,Yes,Low
14.8,69.2,98.7,7.5,No,Master,Yes,Yes,High
11.5,78.6,91.4,4.1,No,Bachelor,Yes,Yes,High
13.7,79.4,82.1,8.7,Yes,Master,Yes,Yes,High
,59.2,83.6,5.8,No,Master,No,Yes,High
11.8,68.1,73.7,4.2,No,High School,Yes,Yes,Low
20.7,66.7,96.8,7.5,No,Doctorate,Yes,Yes,High
17.7,51.3,69.8,6.4,Yes,Master,Yes,No,Low
23.9,51.2,62.8,9.8,No,Master,Yes,No,Low
32.9,91.6,49.8,7.3,No,High School,Yes,Yes,High
26.2,63.7,87.2,5.7,No,Master,Yes,Yes,High
9.1,75.9,84.1,8.3,No,Master,Yes,No,Low
3.0,64.9,63.1,5.6,Yes,High School,Yes,Yes,Low
10.7,97.0,41.5,9.4,Yes,Doctorate,Yes,Yes,Low
21.6,63.0,90.3,6.2,Yes,High School,Yes,No,High
3.7,71.5,40.7,7.3,Yes,High School,No,No,Low
18.4,93.6,82.2,4.3,Yes,Bachelor,Yes,No,High
21.7,92.1,98.2,6.6,Yes,Bachelor,Yes,No,High
13.0,59.3,66.3,9.0,No,Bachelor,Yes,Yes,High
27.4,90.1,54.1,8.8,Yes,High School,Yes,Yes,High
5.5,72.9,82.3,5.3,No,Doctorate,No,Yes,High
4.5,74.1,89.0,5.4,No,High School,No,Yes,Low
26.0,56.7,72.8,8.9,No,High School,No,Yes,High
18.4,54.0,98.0,9.6,Yes,High School,Yes,No,High
24.7,86.4,43.1,4.6,No,Bachelor,Yes,No,Low
16.3,74.8,70.3,6.7,No,Doctorate,Yes,Yes,High
10.1,71.8,83.1,6.0,No,Bachelor,Yes,No,Low
29.0,86.5,91.8,9.2,No,Master,Yes,No,High
28.4,88.3,50.8,4.5,No,High School,No,Yes,Low
,57.9,88.0,5.3,No,Bachelor,Yes,Yes,High
11.0,80.5,73.2,8.5,Yes,Bachelor,Yes,Yes,High
21.5,56.8,63.8,4.3,No,Bachelor,Yes,Yes,Low
13.9,87.6,47.9,7.0,Yes,High School,No,Yes,Low
5.0,82.8,91.9,6.7,No,Bachelor,Yes,Yes,Low
32.3,97.8,49.4,6.0,Yes,Bachelor,Yes,Yes,High
,53.4,58.6,6.4,Yes,Master,No,Yes,Low
33.4,52.9,57.4,7.2,No,Bachelor,Yes,No,Low
16.7,64.1,92.3,5.0,No,High School,Yes,Yes,Low
